row_index,BX,BY,EX,EY,mode,start_obstime,end_obstime,time_source,time_delta_days,conversion_ok,accepted,reject_reason,effective_b0_deg,effective_b0_source,start_radius_fraction,end_radius_fraction,latitude_deg,delta_lat_deg,cmd_start_deg,cmd_end_deg,abs_cmd_deg,synodic_delta_lon_deg,carrington_delta_lon_deg,synodic_rate_deg_per_day,sidereal_rate_deg_per_day,sidereal_rate_nhz,sidereal_period_days
1,1832.0,825.0,1873.0,900.0,pooled,,,folder_dates,1.0,True,False,cmd_cut;delta_lat_cut;sidereal_rate_cut,-7.213482505185651,auto_from_2026-02-28T18_38_25_rotated.tif,0.9246053545856173,0.9533417508045897,7.772824669579149,-4.207856225953393,65.68338619569207,71.43616183222883,71.43616183222883,5.752775636536768,-7.445974194484717,5.752775636536768,6.738422968635851,216.64168494842633,53.42496332979222
2,1817.0,960.0,1889.0,980.0,pooled,,,folder_dates,1.0,True,False,cmd_cut;sidereal_rate_cut,-7.213482505185651,auto_from_2026-02-28T18_38_25_rotated.tif,0.8839760066013747,0.9623537246553497,0.7510179830799015,0.14503380495245832,61.78417442278965,73.98934070535215,73.98934070535215,12.205166282562516,-0.9935835484589681,12.205166282562516,13.1908136146616,424.08737187055044,27.291720625925585
3,1816.0,935.0,1890.0,980.0,pooled,,,folder_dates,1.0,True,False,cmd_cut;delta_lat_cut,-7.213482505185651,auto_from_2026-02-28T18_38_25_rotated.tif,0.8855388259956076,0.9634634027274008,1.5657064510690133,-1.427355407642622,61.726536583469674,74.22329663320319,74.22329663320319,12.496760049733524,-0.7019897812879599,12.496760049733524,13.482407381832608,433.4621714838159,26.701462862270127
4,1810.0,940.0,1890.0,978.0,pooled,,,folder_dates,1.0,True,False,cmd_cut;delta_lat_cut,-7.213482505185651,auto_from_2026-02-28T18_38_25_rotated.tif,0.8783064512015281,0.9635787205087522,1.4236551901157761,-0.8846135787892118,60.90288096815437,74.23062216020082,74.23062216020082,13.32774119204646,0.12899136102497621,13.32774119204646,14.313388524145545,460.17838619295094,25.151277029384673
5,1807.0,975.0,1888.0,980.0,pooled,,,folder_dates,1.0,True,False,cmd_cut;delta_lat_cut,-7.213482505185651,auto_from_2026-02-28T18_38_25_rotated.tif,0.8717018971706235,0.9612440498940891,0.18234332894935013,1.2262786960613072,60.4614973986862,73.75874066486227,73.75874066486227,13.297243266176082,0.09849343515459807,13.297243266176082,14.282890598275166,459.1978716009249,25.20498196936931
6,1798.0,970.0,1889.0,980.0,pooled,,,folder_dates,1.0,True,False,cmd_cut;delta_lat_cut;sidereal_rate_cut,-7.213482505185651,auto_from_2026-02-28T18_38_25_rotated.tif,0.8620904824900921,0.9623537246553497,0.29412860957569054,1.0588125519608802,59.31739702333776,73.98934070535215,73.98934070535215,14.671943682014387,1.473193850992903,14.671943682014387,15.657591014113471,503.39477283029424,22.992042624916085
7,1745.0,833.0,1839.0,852.0,pooled,,,folder_dates,1.0,True,False,cmd_cut;sidereal_rate_cut,-7.213482505185651,auto_from_2026-02-28T18_38_25_rotated.tif,0.8287444020629142,0.9255021993424188,8.114778662981038,0.10238822371105805,54.009143089565164,66.1817733111923,66.1817733111923,12.172630221627145,-1.026119609394339,12.172630221627145,13.15827755372623,423.04133081681556,27.359204009042454
8,1741.0,810.0,1840.0,854.0,pooled,,,folder_dates,1.0,True,False,cmd_cut;delta_lat_cut,-7.213482505185651,auto_from_2026-02-28T18_38_25_rotated.tif,0.8313940397806061,0.9261336063388065,8.805976498423327,-1.5127120182567246,53.89047785846938,66.30373516108222,66.30373516108222,12.413257302612834,-0.7854925284086498,12.413257302612834,13.398904634711919,430.7775409822505,26.867867920140633
9,1739.0,1171.0,1866.0,1190.0,pooled,,,folder_dates,1.0,True,False,cmd_cut;delta_lat_cut;sidereal_rate_cut,-7.213482505185651,auto_from_2026-02-28T18_38_25_rotated.tif,0.8110608812453106,0.9535638157025904,-13.188456525401357,0.8643735734226219,54.82872368245421,73.5831988909733,73.5831988909733,18.754475208519096,5.5557253774976125,18.754475208519096,19.74012254061818,634.6490014344838,18.23696885666477
10,1735.0,846.0,1839.0,852.0,pooled,,,folder_dates,1.0,True,False,cmd_cut;delta_lat_cut,-7.213482505185651,auto_from_2026-02-28T18_38_25_rotated.tif,0.8143807766534744,0.9255021993424188,7.625500612148221,1.0809443253766906,52.757260291969985,66.1817733111923,66.1817733111923,13.424513019222331,0.2257631882008475,13.424513019222331,14.410160351321416,463.2896203485538,24.982372938479333
11,1735.0,815.0,1840.0,852.0,pooled,,,folder_dates,1.0,True,False,cmd_cut;delta_lat_cut,-7.213482505185651,auto_from_2026-02-28T18_38_25_rotated.tif,0.8234240465846422,0.9265893919285759,8.671008433411618,-0.9712928280712632,53.14891493269037,66.3478951846498,66.3478951846498,13.198980251959426,0.00023042093794245488,13.198980251959426,14.18462758405851,456.0386954751322,25.379587716817355
12,1729.0,1429.0,1770.0,1467.0,pooled,,,folder_dates,1.0,True,False,cmd_cut;delta_lat_cut;sidereal_rate_cut,-7.213482505185651,auto_from_2026-02-28T18_38_25_rotated.tif,0.9033886821911769,0.9640225651782428,-30.732731206016982,-1.4278570902181116,64.78114398909715,76.309888418563,76.309888418563,11.52874442946586,-1.670005401555624,11.52874442946586,12.514391761564944,402.3402701120417,28.766879514324987
13,1726.0,846.0,1839.0,852.0,pooled,,,folder_dates,1.0,True,False,cmd_cut;delta_lat_cut,-7.213482505185651,auto_from_2026-02-28T18_38_25_rotated.tif,0.8046838195109406,0.9255021993424188,7.577031023545924,1.1778835025812837,51.79821461129283,66.1817733111923,66.1817733111923,14.383558699899481,1.1848088688779974,14.383558699899481,15.369206031998566,494.1231363168264,23.423461124177972
14,1655.0,1480.0,1695.0,1490.0,pooled,,,folder_dates,1.0,True,False,cmd_cut;sidereal_rate_cut,-7.213482505185651,auto_from_2026-02-28T18_38_25_rotated.tif,0.8650247980460259,0.9077152161224614,-34.472555818689514,-0.04926392839757199,58.23364378492416,64.77368113877036,64.77368113877036,6.540037353846202,-6.658712477175283,6.540037353846202,7.5256846859452855,241.9523111479323,47.83617903528749
15,1651.0,998.0,1811.0,1026.0,pooled,,,folder_dates,1.0,True,False,cmd_cut;sidereal_rate_cut,-7.213482505185651,auto_from_2026-02-28T18_38_25_rotated.tif,0.697265381576971,0.8744472681021755,-3.568030435667871,-0.10172602999751579,44.2652702599344,61.18631604849512,61.18631604849512,16.92104578856072,3.7222959575392345,16.92104578856072,17.906693120659803,575.70386833397,20.104214528848484
16,1631.0,730.0,1727.0,746.0,pooled,,,folder_dates,1.0,True,False,cmd_cut;sidereal_rate_cut,-7.213482505185651,auto_from_2026-02-28T18_38_25_rotated.tif,0.7493906990035881,0.8399684003462552,13.864336036265712,-0.15537277211574896,44.02057714254311,53.54103146814945,53.54103146814945,9.520454325606352,-3.6782955054151323,9.520454325606352,10.506101657705436,337.7733300445421,34.26580207664058
17,1605.0,1359.0,1717.0,1385.0,pooled,,,folder_dates,1.0,True,False,cmd_cut,-7.213482505185651,auto_from_2026-02-28T18_38_25_rotated.tif,0.7451787423327986,0.8682108749933912,-27.16991503556379,-0.4656191399194718,46.39563849376376,60.14854686899222,60.14854686899222,13.752908375228458,0.5541585442069739,13.752908375228458,14.738555707327542,473.84759861521167,24.42573120112573
18,1594.0,1271.0,1712.0,1287.0,pooled,,,folder_dates,1.0,True,False,cmd_cut,-7.213482505185651,auto_from_2026-02-28T18_38_25_rotated.tif,0.69023971502481,0.8183942422833076,-21.25986974629228,0.06533907673752992,42.82277502095428,55.09336302454643,55.09336302454643,12.270588003592138,-0.9281618274293457,12.270588003592138,13.256235335691223,426.1906936629123,27.157031456037323
19,1581.0,1673.0,1590.0,1690.0,pooled,,,folder_dates,1.0,True,False,latitude_cut;cmd_cut;delta_lat_cut;sidereal_rate_cut,-7.213482505185651,auto_from_2026-02-28T18_38_25_rotated.tif,0.9502761132207967,0.9711339941367005,-49.40439508617271,-0.8443088658969415,70.56285161721357,77.1266191643373,77.1266191643373,6.563767547123746,-6.634982283897739,6.563767547123746,7.549414879222829,242.71524174456115,47.685814829275884
20,1574.0,1139.0,1713.0,1131.0,pooled,,,folder_dates,1.0,True,False,cmd_cut;delta_lat_cut,-7.213482505185651,auto_from_2026-02-28T18_38_25_rotated.tif,0.6243267979330087,0.7747321321225872,-12.187958685266405,1.6127302960007786,38.84174803499364,51.34419865951724,51.34419865951724,12.50245062452359,-0.6962992064978941,12.50245062452359,13.488097956622674,433.6451246342167,26.69019762146964
21,1562.0,783.0,1691.0,739.0,pooled,,,folder_dates,1.0,True,False,cmd_cut;delta_lat_cut,-7.213482505185651,auto_from_2026-02-28T18_38_25_rotated.tif,0.6550139005216173,0.8059301810889845,11.854591792755208,4.0430629680918155,37.350576475162136,49.76392530832037,49.76392530832037,12.413348833158238,-0.7854009978632455,12.413348833158238,13.398996165257323,430.7804837081187,26.86768438171923
22,1556.0,1204.0,1707.0,1258.0,pooled,,,folder_dates,1.0,True,False,cmd_cut;delta_lat_cut;sidereal_rate_cut,-7.213482505185651,auto_from_2026-02-28T18_38_25_rotated.tif,0.6240291224606527,0.8021922124273037,-18.347663689616446,-2.1961183526788055,38.239517453858625,53.59062354580799,53.59062354580799,15.351106091949362,2.1523562609278777,15.351106091949362,16.336753424048446,525.2299840550555,22.036202093254563
23,1555.0,481.0,1685.0,509.0,pooled,,,folder_dates,1.0,True,False,cmd_cut;delta_lat_cut;sidereal_rate_cut,-7.213482505185651,auto_from_2026-02-28T18_38_25_rotated.tif,0.8438667614683677,0.9310461393401763,31.77178491169228,-0.6275280995961623,44.13614940846183,59.4279727475794,59.4279727475794,15.29182333911757,2.0930735080960865,15.29182333911757,16.277470671216655,523.3240313534162,22.116458218326613
24,1548.0,381.0,1642.0,397.0,pooled,,,folder_dates,1.0,True,False,latitude_cut;cmd_cut;sidereal_rate_cut,-7.213482505185651,auto_from_2026-02-28T18_38_25_rotated.tif,0.921636360093781,0.9781899383839293,41.496222221007216,0.3830879123945934,50.80917065092806,66.85353707226913,66.85353707226913,16.044366421341067,2.845616590319583,16.044366421341067,17.03001375344015,547.5184462911571,21.139149105342216
25,1532.0,946.0,1694.0,1004.0,pooled,,,folder_dates,1.0,True,False,cmd_cut;delta_lat_cut,-7.213482505185651,auto_from_2026-02-28T18_38_25_rotated.tif,0.5710592280799853,0.7447760455497286,-2.259870519302986,-2.560348579405095,34.36944961986339,48.23367721611281,48.23367721611281,13.864227596249407,0.6654777652279229,13.864227596249407,14.849874928348491,477.4265344762247,24.242628421924152
26,1494.0,786.0,1669.0,818.0,pooled,,,folder_dates,1.0,True,False,cmd_cut;delta_lat_cut;sidereal_rate_cut,-7.213482505185651,auto_from_2026-02-28T18_38_25_rotated.tif,0.5853604988212365,0.7523305354482837,8.769260932993484,-0.9385775683591042,31.943670843795857,46.40670761758621,46.40670761758621,14.46303677379035,1.2642869427688659,14.46303677379035,15.448684105889434,496.6783727459309,23.30295561307767
27,1485.0,312.0,1445.0,305.0,pooled,,,folder_dates,1.0,True,False,latitude_cut;cmd_cut;sidereal_rate_cut,-7.213482505185651,auto_from_2026-02-28T18_38_25_rotated.tif,0.9424586967404611,0.9257642821867992,48.07159739509821,0.1902786794397926,49.92078331507605,44.53562886468475,49.92078331507605,-5.385154450391298,-18.58390428141278,-5.385154450391298,-4.399507118292214,-141.44505910147294,-81.82734800068776
28,1474.0,302.0,1460.0,294.0,pooled,,,folder_dates,1.0,True,False,latitude_cut;cmd_cut;delta_lat_cut;sidereal_rate_cut,-7.213482505185651,auto_from_2026-02-28T18_38_25_rotated.tif,0.945283287605975,0.9447685718317411,49.397167121447595,0.7599223289267982,49.67534604215369,48.60681875186798,49.67534604215369,-1.068527290285715,-14.267277121307199,-1.068527290285715,-0.0828799581866313,-2.6646077091895353,-4343.6315350128725
29,1446.0,1346.0,1590.0,1355.0,pooled,,,folder_dates,1.0,True,True,,-7.213482505185651,auto_from_2026-02-28T18_38_25_rotated.tif,0.58979804034522,0.7285339582991734,-26.975954528014007,0.3514288128716885,31.80020912782847,44.79490864680841,44.79490864680841,12.994699518979928,-0.20405031204155577,12.994699518979928,13.980346851079013,449.4710278767687,25.75043407969631
30,1439.0,473.0,1578.0,469.0,pooled,,,folder_dates,1.0,True,False,cmd_cut;delta_lat_cut;sidereal_rate_cut,-7.213482505185651,auto_from_2026-02-28T18_38_25_rotated.tif,0.7664460230002107,0.8713130434884391,32.58141707163489,1.59408261403755,32.851290343986705,47.48868727504621,47.48868727504621,14.637396931059499,1.4386471000380148,14.637396931059499,15.623044263158583,502.2840876787096,23.04288421232554
31,1426.0,781.0,1593.0,799.0,pooled,,,folder_dates,1.0,True,True,,-7.213482505185651,auto_from_2026-02-28T18_38_25_rotated.tif,0.5219301783870244,0.6798565571292263,9.110981005464474,-0.27960862290812294,26.90756740079017,39.79569974499869,39.79569974499869,12.888132344208515,-0.3106174868129692,12.888132344208515,13.8737796763076,446.04487128046554,25.948228125229335
32,1377.0,350.0,1515.0,350.0,pooled,,,folder_dates,1.0,True,False,latitude_cut;cmd_cut;delta_lat_cut;sidereal_rate_cut,-7.213482505185651,auto_from_2026-02-28T18_38_25_rotated.tif,0.8453832500742919,0.9265340965656716,43.30399636691155,1.5615696093018414,32.15320300243935,49.41992544683667,49.41992544683667,17.266722444397317,4.067972613375833,17.266722444397317,18.2523697764964,586.8174439460006,19.72346629003607
33,1372.0,1196.0,1516.0,1205.0,pooled,,,folder_dates,1.0,True,False,sidereal_rate_cut,-7.213482505185651,auto_from_2026-02-28T18_38_25_rotated.tif,0.4313172473959679,0.5824861573091589,-17.591892208943115,0.07812381144909608,23.936548729584548,34.98506247279135,34.98506247279135,11.048513743206797,-2.1502360878146867,11.048513743206797,12.034161075305882,386.90075473591446,29.914839742233514
34,1346.0,441.0,1437.0,465.0,pooled,,,folder_dates,1.0,True,False,delta_lat_cut;sidereal_rate_cut,-7.213482505185651,auto_from_2026-02-28T18_38_25_rotated.tif,0.7400141807116408,0.7722422059764397,33.185654269393225,-1.4909081036625977,25.544283515736286,32.93848472191527,32.93848472191527,7.394201206178991,-5.804548624842493,7.394201206178991,8.379848538278075,269.4138547543106,42.96020367857081
35,1339.0,768.0,1511.0,787.0,pooled,,,folder_dates,1.0,True,False,delta_lat_cut,-7.213482505185651,auto_from_2026-02-28T18_38_25_rotated.tif,0.4510084721768635,0.6017854094379039,9.528902677772733,-0.5320636398948757,20.804319772709132,33.24774380906867,33.24774380906867,12.443424036359545,-0.7553257946619389,12.443424036359545,13.42907136845863,431.7474076793541,26.807512606236177
36,1336.0,773.0,1513.0,788.0,pooled,,,folder_dates,1.0,True,True,,-7.213482505185651,auto_from_2026-02-28T18_38_25_rotated.tif,0.44492335308843567,0.6033005925227254,9.329804277277322,-0.24516564523276152,20.575316312644116,33.39617119859135,33.39617119859135,12.820854885947227,-0.3778949450742566,12.820854885947227,13.806502218046312,443.88188715426674,26.07467078297705
37,1336.0,1101.0,1510.0,1121.0,pooled,,,folder_dates,1.0,True,False,delta_lat_cut,-7.213482505185651,auto_from_2026-02-28T18_38_25_rotated.tif,0.35706796392871415,0.5506505692203687,-11.944032410790825,-0.5605867054935789,20.730694690617078,33.5406158750808,33.5406158750808,12.809921184463718,-0.3888286465577657,12.809921184463718,13.795568516562803,443.5303664018391,26.095336308017178
38,1329.0,697.0,1379.0,805.0,pooled,,,folder_dates,1.0,True,False,delta_lat_cut;sidereal_rate_cut,-7.213482505185651,auto_from_2026-02-28T18_38_25_rotated.tif,0.4968468477543727,0.4634625452657394,11.021593778747935,-7.087744274797201,20.496008850741934,23.44245101099696,23.44245101099696,2.9464421602550317,-10.252307670766452,2.9464421602550317,3.932089492354115,126.41748625109682,91.5543760384941
39,1327.0,779.0,1512.0,786.0,pooled,,,folder_dates,1.0,True,True,,-7.213482505185651,auto_from_2026-02-28T18_38_25_rotated.tif,0.43295425014203215,0.6032709196282677,9.180441065538393,0.30920981590757,19.93096310007461,33.33267763623788,33.33267763623788,13.401714536163269,0.20296470514178466,13.401714536163269,14.387361868262353,462.55664442715903,25.02196047450076
40,1324.0,769.0,1509.0,784.0,pooled,,,folder_dates,1.0,True,True,,-7.213482505185651,auto_from_2026-02-28T18_38_25_rotated.tif,0.4374801582802229,0.6012589672337638,9.566947204635415,-0.22987397835554724,19.76418403573252,33.113943487885734,33.113943487885734,13.349759452153222,0.15100962113173821,13.349759452153222,14.335406784252307,460.88627778588955,25.11264629026546
41,1270.0,1622.0,1355.0,1677.0,pooled,,,folder_dates,1.0,True,False,latitude_cut;delta_lat_cut,-7.213482505185651,auto_from_2026-02-28T18_38_25_rotated.tif,0.7184688795377274,0.8134441333150614,-50.37133405103925,-4.162241952457492,24.255507083131647,37.120163597547645,37.120163597547645,12.864656514415998,-0.334093316605486,12.864656514415998,13.850303846515082,445.2901185222185,25.99220955651314
42,1244.0,1151.0,1445.0,1162.0,pooled,,,folder_dates,1.0,True,True,,-7.213482505185651,auto_from_2026-02-28T18_38_25_rotated.tif,0.28225065473576044,0.4922673668788407,-15.1256690282069,-0.057157617303246866,14.665936072686975,28.98826906112852,28.98826906112852,14.32233298844153,1.1235831574200468,14.32233298844153,15.307980320540615,492.1547170955702,23.517145466730405
43,1243.0,771.0,1420.0,785.0,pooled,,,folder_dates,1.0,True,False,sidereal_rate_cut,-7.213482505185651,auto_from_2026-02-28T18_38_25_rotated.tif,0.3717990961544078,0.5139258244984579,9.15062735090657,-0.3820217995965933,14.276632514720754,26.451175891665,26.451175891665,12.174543376944257,-1.0242064540772269,12.174543376944257,13.160190709043341,423.10283915391403,27.355226680158772
44,1238.0,1679.0,1339.0,1695.0,pooled,,,folder_dates,1.0,True,False,latitude_cut;delta_lat_cut,-7.213482505185651,auto_from_2026-02-28T18_38_25_rotated.tif,0.7656361834658149,0.823621931725809,-53.78917546511097,-0.7833787122566918,23.502055708165905,36.73086568552524,36.73086568552524,13.228809977359333,0.030060146337849147,13.228809977359333,14.214457309458417,456.9977272845428,25.326327425842212
45,1234.0,1674.0,1334.0,1699.0,pooled,,,folder_dates,1.0,True,False,latitude_cut;delta_lat_cut,-7.213482505185651,auto_from_2026-02-28T18_38_25_rotated.tif,0.758979171463914,0.8253132588954585,-53.77444955286042,-1.6195510436910538,22.792762693865935,36.468190691385516,36.468190691385516,13.675427997519591,0.47667816649810746,13.675427997519591,14.661075329618676,471.3565885294071,24.55481551702547
46,1154.0,1647.0,1138.0,1693.0,pooled,,,folder_dates,1.0,True,False,latitude_cut;delta_lat_cut;sidereal_rate_cut,-7.213482505185651,auto_from_2026-02-28T18_38_25_rotated.tif,0.7071320969020822,0.754048333257815,-52.965143584191566,-4.224198733534614,13.226465881810675,12.783214322294075,13.226465881810675,-0.44325155951659667,-13.64200139053808,-0.44325155951659667,0.5423957725824871,17.43813569259539,663.7219871496169
47,1126.0,1087.0,1337.0,1097.0,pooled,,,folder_dates,1.0,True,True,,-7.213482505185651,auto_from_2026-02-28T18_38_25_rotated.tif,0.13320827468458724,0.35711118025305283,-11.292938125471363,-0.22567908661823033,6.633948425551257,20.78022698902293,20.78022698902293,14.146278563471668,0.9475287324501842,14.146278563471668,15.131925895570753,486.49453110759885,23.790758855445834
48,1121.0,1102.0,1330.0,1096.0,pooled,,,folder_dates,1.0,True,False,delta_lat_cut,-7.213482505185651,auto_from_2026-02-28T18_38_25_rotated.tif,0.13830097792071883,0.3492849839314596,-11.752678452298753,0.7792854655268275,6.329389629539305,20.29157641983496,20.29157641983496,13.962186790295647,0.7634369592741628,13.962186790295647,14.947834122394731,480.5759427210241,24.083756686906952
49,1112.0,331.0,1288.0,333.0,pooled,,,folder_dates,1.0,True,False,latitude_cut;sidereal_rate_cut,-7.213482505185651,auto_from_2026-02-28T18_38_25_rotated.tif,0.7761832862328075,0.8219045933037649,43.42936185901628,0.4292041369226496,7.7102882368203955,23.91348177205299,23.91348177205299,16.2031935352326,3.0044437042111163,16.2031935352326,17.188840867331685,552.6247706832461,20.943820632152068
50,1111.0,147.0,1203.0,155.0,pooled,,,folder_dates,1.0,True,False,latitude_cut;delta_lat_cut;sidereal_rate_cut,-7.213482505185651,auto_from_2026-02-28T18_38_25_rotated.tif,0.9792274606816777,0.9858267195545342,69.89743425344304,-0.73748478098085,16.636074199167563,34.658174064793705,34.658174064793705,18.02209986562613,4.823350034604648,18.02209986562613,19.007747197725216,611.1029834659599,18.93964583257313
51,1094.0,377.0,1217.0,433.0,pooled,,,folder_dates,1.0,True,False,latitude_cut;delta_lat_cut;sidereal_rate_cut,-7.213482505185651,auto_from_2026-02-28T18_38_25_rotated.tif,0.7230841011140755,0.6907948543990449,36.446163816400684,-4.686905759650081,5.726805411222018,15.009565410030143,15.009565410030143,9.282759998808132,-3.915989832213352,9.282759998808132,10.268407330907216,330.1314085296816,35.05899098065814
52,1088.0,1451.0,1327.0,1465.0,pooled,,,folder_dates,1.0,True,False,latitude_cut;sidereal_rate_cut,-7.213482505185651,auto_from_2026-02-28T18_38_25_rotated.tif,0.4797440161040618,0.5945119380167605,-35.73094398434108,-0.4394179420927813,5.011742827204897,24.574923048709373,24.574923048709373,19.563180221504467,6.364430390482983,19.563180221504467,20.54882755360355,660.6490340021719,17.51924770699964
53,1053.0,407.0,1247.0,420.0,pooled,,,folder_dates,1.0,True,False,latitude_cut;delta_lat_cut;sidereal_rate_cut,-7.213482505185651,auto_from_2026-02-28T18_38_25_rotated.tif,0.6863123861318726,0.7153907677747064,35.69329540266685,-0.7577723239882701,2.284723321206098,17.67709090499014,17.67709090499014,15.39236758378405,2.1936177527625667,15.39236758378405,16.378014915883135,526.5565495075597,21.980685806487926
54,1052.0,414.0,1248.0,421.0,pooled,,,folder_dates,1.0,True,False,latitude_cut;sidereal_rate_cut,-7.213482505185651,auto_from_2026-02-28T18_38_25_rotated.tif,0.678491427568507,0.7147346913452192,35.34685121060592,-0.2314328278592015,2.1890492813263602,17.74013953396501,17.74013953396501,15.551090252638659,2.352340421617175,15.551090252638659,16.536737584737743,531.6595159702207,21.76971111473976
55,1013.0,1041.0,1218.0,1078.0,pooled,,,folder_dates,1.0,True,False,delta_lat_cut,-7.213482505185651,auto_from_2026-02-28T18_38_25_rotated.tif,0.02249828525701843,0.22375030174474447,-9.388093376363003,-2.1856721064342555,-0.7077037406607517,12.662813681932956,12.662813681932956,13.370517422593707,0.1717675915722232,13.370517422593707,14.356164754692792,461.55365080673846,25.076335229596886
56,1010.0,313.0,1152.0,320.0,pooled,,,folder_dates,1.0,True,False,latitude_cut;delta_lat_cut,-7.213482505185651,auto_from_2026-02-28T18_38_25_rotated.tif,0.7901531340877171,0.7950463919999252,44.6952563568859,-0.5575595890706353,-1.2599736045148449,11.485216570032275,11.485216570032275,12.745190174547133,-0.4535596564743507,12.745190174547133,13.730837506646218,441.44925111388307,26.21835702488993
57,996.0,330.0,1147.0,319.0,pooled,,,folder_dates,1.0,True,False,latitude_cut;delta_lat_cut,-7.213482505185651,auto_from_2026-02-28T18_38_25_rotated.tif,0.771738457583643,0.7951659505341566,43.87717383310434,1.2587481182126936,-2.447946789022043,11.048074548490082,11.048074548490082,13.496021337512133,0.2972715064906488,13.496021337512133,14.481668669611217,465.58862749521666,24.85901370989347
58,989.0,1169.0,1181.0,1181.0,pooled,,,folder_dates,1.0,True,False,delta_lat_cut,-7.213482505185651,auto_from_2026-02-28T18_38_25_rotated.tif,0.1657381543352922,0.24670169921397325,-16.810817484718328,-0.6633814359748733,-2.324253463889642,10.518587754643614,10.518587754643614,12.842841218533266,-0.3559086124882178,12.842841218533266,13.82848855063235,444.5887522708446,26.03321387452267
59,938.0,930.0,1145.0,973.0,pooled,,,folder_dates,1.0,True,False,delta_lat_cut,-7.213482505185651,auto_from_2026-02-28T18_38_25_rotated.tif,0.14156096274340432,0.1458986626158253,-2.542308193541652,-2.7141909833930518,-5.484473241804977,7.744534345259274,7.744534345259274,13.229007587064245,0.030257756042761486,13.229007587064245,14.21465491916333,457.0040804772162,25.325975343563915
60,921.0,1279.0,1097.0,1284.0,pooled,,,folder_dates,1.0,True,True,,-7.213482505185651,auto_from_2026-02-28T18_38_25_rotated.tif,0.3055737368328229,0.3000596648487361,-23.7983661703529,-0.3589138910297187,-7.175437794213784,5.092957810958615,7.175437794213784,12.268395605172401,-0.9303542258490829,12.268395605172401,13.254042937271485,426.12020760260697,27.161523597275337
61,897.0,515.0,1092.0,515.0,pooled,,,folder_dates,1.0,True,True,,-7.213482505185651,auto_from_2026-02-28T18_38_25_rotated.tif,0.5828940144646928,0.5705801682454988,27.290651885713935,-0.07038030566486597,-9.139312278974613,4.875559705836708,9.139312278974613,14.014871984811322,0.8161221537898378,14.014871984811322,15.000519316910406,482.26978256527804,23.999169121709294
62,815.0,378.0,1051.0,362.0,pooled,,,folder_dates,1.0,True,False,latitude_cut;delta_lat_cut;sidereal_rate_cut,-7.213482505185651,auto_from_2026-02-28T18_38_25_rotated.tif,0.7544084429309047,0.7361670838258404,39.586516012319315,1.1208735363810831,-17.393010163708347,2.249254362301676,17.393010163708347,19.642264526010024,6.44351469498854,19.642264526010024,20.62791185810911,663.1916106645161,17.452081552233274
63,741.0,763.0,935.0,766.0,pooled,,,folder_dates,1.0,True,False,delta_lat_cut,-7.213482505185651,auto_from_2026-02-28T18_38_25_rotated.tif,0.4277561322084995,0.3032437800243507,9.757389725055937,-0.5500970888694514,-18.622240829320784,-5.754072512051986,18.622240829320784,12.868168317268783,-0.3305815137527013,12.868168317268783,13.853815649367867,445.4030237065287,25.985620792956514
64,728.0,1232.0,917.0,1283.0,pooled,,,folder_dates,1.0,True,False,delta_lat_cut,-7.213482505185651,auto_from_2026-02-28T18_38_25_rotated.tif,0.4019704552744894,0.31136894078239497,-22.008306973582766,-3.7436740008760125,-20.505721969336193,-7.470706430315592,20.505721969336193,13.035015539020606,-0.1637342920008784,13.035015539020606,14.02066287111969,450.7671962165539,25.676389433879198
65,639.0,320.0,777.0,311.0,pooled,,,folder_dates,1.0,True,False,latitude_cut;sidereal_rate_cut,-7.213482505185651,auto_from_2026-02-28T18_38_25_rotated.tif,0.8915522598809144,0.8384126683615508,45.91736065220489,-0.13557015996013178,-37.99880483439672,-23.204149202670298,37.99880483439672,14.794655631726414,1.59590580070493,14.794655631726414,15.780302963825498,507.3399872629083,22.813250216124363
66,637.0,795.0,836.0,784.0,pooled,,,folder_dates,1.0,True,True,,-7.213482505185651,auto_from_2026-02-28T18_38_25_rotated.tif,0.49964184703509573,0.3387413157740663,8.339417961178935,0.15937763576786956,-25.753936557123385,-12.190603044093669,25.753936557123385,13.563333513029704,0.3645836820082202,13.563333513029704,14.548980845128789,467.75272778834847,24.744001235009755
67,607.0,744.0,798.0,732.0,pooled,,,folder_dates,1.0,True,True,,-7.213482505185651,auto_from_2026-02-28T18_38_25_rotated.tif,0.5580930936990421,0.41026940862599176,11.882799297769498,0.17026336461020186,-28.250811108065964,-14.873783341106778,28.250811108065964,13.377027766959174,0.1782779359376896,13.377027766959174,14.362675099058258,461.76295971766524,25.064968574245945
68,585.0,451.0,736.0,437.0,pooled,,,folder_dates,1.0,True,True,,-7.213482505185651,auto_from_2026-02-28T18_38_25_rotated.tif,0.8020421466096851,0.7264942031155471,33.96622392042755,0.28623798342626117,-35.954767863359905,-22.736144820137632,35.954767863359905,13.218623043222266,0.019873212200781865,13.218623043222266,14.20427037532135,456.6702152559591,25.344490810697874
69,570.0,777.0,735.0,773.0,pooled,,,folder_dates,1.0,True,False,sidereal_rate_cut,-7.213482505185651,auto_from_2026-02-28T18_38_25_rotated.tif,0.5742681870148162,0.4253132469424052,9.570280825720317,-0.374022157133723,-30.78704209837791,-18.993804184382245,30.78704209837791,11.793237913995654,-1.4055119170258301,11.793237913995654,12.778885246094738,410.8437900622023,28.17147138166977
70,533.0,560.0,693.0,548.0,pooled,,,folder_dates,1.0,True,True,,-7.213482505185651,auto_from_2026-02-28T18_38_25_rotated.tif,0.7506186748687568,0.6441924794789862,25.377797454023096,0.009691363560985877,-37.142500513307546,-24.021200983408676,37.142500513307546,13.121299529898863,-0.07745030112262086,13.121299529898863,14.106946861997947,453.54124427719745,25.519341890326913
71,525.0,575.0,687.0,560.0,pooled,,,folder_dates,1.0,True,True,,-7.213482505185651,auto_from_2026-02-28T18_38_25_rotated.tif,0.7458543862122813,0.6371861367289045,24.39343431867795,0.21392317703666208,-37.464999948433146,-24.29885973259844,37.464999948433146,13.166140215834702,-0.03260961518678229,13.166140215834702,14.151787547933786,454.98288155651323,25.438482508350074
72,516.0,1327.0,667.0,1324.0,pooled,,,folder_dates,1.0,True,False,delta_lat_cut,-7.213482505185651,auto_from_2026-02-28T18_38_25_rotated.tif,0.657222926645626,0.5181269685661571,-25.68180360292562,-0.6008969566465403,-38.66372241542456,-26.18465023519842,38.66372241542456,12.479072180226126,-0.719677650795358,12.479072180226126,13.46471951232521,432.8935028396737,26.736539121402902
73,503.0,686.0,673.0,668.0,pooled,,,folder_dates,1.0,True,True,,-7.213482505185651,auto_from_2026-02-28T18_38_25_rotated.tif,0.6900393619118074,0.5554855511449998,16.550401697103354,0.3772435867939201,-37.10820282945575,-24.032632188307907,37.10820282945575,13.075570641147834,-0.12317918987364962,13.075570641147834,14.061217973246919,452.0710510946155,25.602334071269027
74,497.0,1001.0,682.0,991.0,pooled,,,folder_dates,1.0,True,True,,-7.213482505185651,auto_from_2026-02-28T18_38_25_rotated.tif,0.5861129541835162,0.38176490729825396,-4.475467920720693,-0.18937942677727015,-35.96361005552039,-22.40878055309299,35.96361005552039,13.554829502427395,0.35607967140591157,13.554829502427395,14.54047683452648,467.4793220976878,24.758472785787678
75,455.0,1105.0,617.0,1099.0,pooled,,,folder_dates,1.0,True,True,,-7.213482505185651,auto_from_2026-02-28T18_38_25_rotated.tif,0.6385960681617175,0.4598362564174876,-10.955624462927062,-0.48210441354500766,-40.04883151144545,-27.451437491932907,40.04883151144545,12.597394019512535,-0.6013558115089488,12.597394019512535,13.58304135161162,436.69757431878924,26.503637195898413
76,428.0,469.0,592.0,468.0,pooled,,,folder_dates,1.0,True,False,cmd_cut;delta_lat_cut;sidereal_rate_cut,-7.213482505185651,auto_from_2026-02-28T18_38_25_rotated.tif,0.9048845503061238,0.7823358503328666,33.13149383286603,-1.6188191066087185,-52.961355495079815,-34.61156094984239,52.961355495079815,18.349794545237415,5.1510447142159315,18.349794545237415,19.3354418773365,621.6384348423516,18.61865905541905
77,414.0,714.0,585.0,707.0,pooled,,,folder_dates,1.0,True,False,delta_lat_cut,-7.213482505185651,auto_from_2026-02-28T18_38_25_rotated.tif,0.7602793508691557,0.6016540985657687,14.752729729713344,-0.6525346107467627,-44.58343615396485,-30.24237783758651,44.58343615396485,14.341058316378337,1.1423084853568533,14.341058316378337,15.326705648477422,492.7567402416867,23.48841350885883
78,413.0,1205.0,576.0,1194.0,pooled,,,folder_dates,1.0,True,False,cmd_cut,-7.213482505185651,auto_from_2026-02-28T18_38_25_rotated.tif,0.7080507061426715,0.5324112399217936,-16.914133517716913,-0.32904990190171546,-45.15101432497892,-31.381981261821974,45.15101432497892,13.76903306315694,0.5702832321354556,13.76903306315694,14.754680395256024,474.3660106499494,24.39903748208253
79,378.0,688.0,506.0,687.0,pooled,,,folder_dates,1.0,True,False,cmd_cut;delta_lat_cut;sidereal_rate_cut,-7.213482505185651,auto_from_2026-02-28T18_38_25_rotated.tif,0.809062862853921,0.6866387984276543,16.762047696912624,-0.9805329422926263,-48.72860074656874,-36.83927793581222,48.72860074656874,11.88932281075651,-1.3094270202649732,11.88932281075651,12.874970142855595,413.9329392636187,27.96122989067795
80,348.0,679.0,481.0,658.0,pooled,,,folder_dates,1.0,True,False,cmd_cut,-7.213482505185651,auto_from_2026-02-28T18_38_25_rotated.tif,0.8432747747199677,0.7275911550375588,18.364406038948996,0.2715728893884517,-52.260008671163305,-39.5098655730391,52.260008671163305,12.750143098124198,-0.4486067328972858,12.750143098124198,13.735790430223282,441.6084886260058,26.208903071779613
81,334.0,580.0,455.0,567.0,pooled,,,folder_dates,1.0,True,False,cmd_cut,-7.213482505185651,auto_from_2026-02-28T18_38_25_rotated.tif,0.9116773308334235,0.8108903809249085,25.72541680129536,-0.4804987202229931,-58.51157945751464,-44.45674400040969,58.51157945751464,14.054835457104957,0.8560856260834733,14.054835457104957,15.040482789204042,483.55461642245507,23.935401878083702
82,332.0,1503.0,395.0,1502.0,pooled,,,folder_dates,1.0,True,False,latitude_cut;cmd_cut;delta_lat_cut;sidereal_rate_cut,-7.213482505185651,auto_from_2026-02-28T18_38_25_rotated.tif,0.9351206431706823,0.8777953584737302,-35.43670311966288,-1.023674312545019,-69.68197556860267,-59.690420000281364,69.68197556860267,9.991555568321303,-3.207194262700181,9.991555568321303,10.977202900420387,352.91933193223986,32.79523966767648
83,329.0,841.0,449.0,813.0,pooled,,,folder_dates,1.0,True,False,cmd_cut;delta_lat_cut;sidereal_rate_cut,-7.213482505185651,auto_from_2026-02-28T18_38_25_rotated.tif,0.7985434270835067,0.6805462584398971,7.664182118304076,0.8350922197814485,-51.1179756421511,-40.187994848094505,51.1179756421511,10.929980794056604,-2.26876903696488,10.929980794056604,11.915628126155688,383.08989603124,30.21242323010847
84,326.0,1330.0,431.0,1328.0,pooled,,,folder_dates,1.0,True,False,cmd_cut;delta_lat_cut;sidereal_rate_cut,-7.213482505185651,auto_from_2026-02-28T18_38_25_rotated.tif,0.8468095534139223,0.740424469518484,-24.3188856330419,-0.9686144262845389,-57.980198074597496,-46.539197614963044,57.980198074597496,11.441000459634438,-1.757749371387046,11.441000459634438,12.426647791733522,399.5192834276467,28.970001084240906
85,315.0,1212.0,435.0,1205.0,pooled,,,folder_dates,1.0,True,False,cmd_cut;delta_lat_cut;sidereal_rate_cut,-7.213482505185651,auto_from_2026-02-28T18_38_25_rotated.tif,0.8150020828572945,0.6846482380584523,-16.590151647950094,-0.6603478474925488,-55.14499182784763,-43.161490588983,55.14499182784763,11.98350123886462,-1.2152485921568648,11.98350123886462,12.969148570963704,416.9607951055718,27.758183047266098
86,306.0,529.0,399.0,506.0,pooled,,,folder_dates,1.0,True,False,cmd_cut,-7.213482505185651,auto_from_2026-02-28T18_38_25_rotated.tif,0.9689940055108954,0.901951929955592,31.044187944755336,0.14408474538846505,-68.50390084558639,-54.208684065156824,68.50390084558639,14.29521678042957,1.0964669494080859,14.29521678042957,15.280864112528654,491.28292542851904,23.558877125596513
87,301.0,1545.0,323.0,1510.0,pooled,,,folder_dates,1.0,True,False,latitude_cut;cmd_cut;delta_lat_cut,-7.213482505185651,auto_from_2026-02-28T18_38_25_rotated.tif,0.9901801806355532,0.9477699621926029,-35.72158871925543,1.135177651068858,-85.30316109922906,-72.29672448761038,85.30316109922906,13.006436611618682,-0.1923132194028021,13.006436611618682,13.992083943717766,449.84837782014426,25.728833635366698
88,260.0,1280.0,372.0,1246.0,pooled,,,folder_dates,1.0,True,False,cmd_cut;delta_lat_cut,-7.213482505185651,auto_from_2026-02-28T18_38_25_rotated.tif,0.8952770451956874,0.7652870033725022,-19.380778586665535,0.7649368803046812,-64.42484189537777,-50.01205303397425,64.42484189537777,14.412788861403527,1.2140390303820432,14.412788861403527,15.398436193502612,495.06289202361796,23.378997417406737
89,188.0,755.0,248.0,737.0,pooled,,,folder_dates,1.0,True,False,cmd_cut;sidereal_rate_cut,-7.213482505185651,auto_from_2026-02-28T18_38_25_rotated.tif,0.9757915432111866,0.9193026073881316,15.545580642957004,-0.12569116675561176,-74.6777971844303,-63.468597013833474,74.6777971844303,11.20920017059683,-1.9895496604246539,11.20920017059683,12.194847502695914,392.0668564395549,29.520664356025346
90,177.0,758.0,247.0,736.0,pooled,,,folder_dates,1.0,True,False,cmd_cut,-7.213482505185651,auto_from_2026-02-28T18_38_25_rotated.tif,0.9864295260567494,0.9207303864022542,15.6961807955466,-0.24573076572065666,-78.00242754396596,-63.66766244626422,78.00242754396596,14.334765097701734,1.1360152666802499,14.334765097701734,15.320412429800818,492.55441196633296,23.498061925522222
91,177.0,848.0,315.0,821.0,pooled,,,folder_dates,1.0,True,False,cmd_cut;sidereal_rate_cut,-7.213482505185651,auto_from_2026-02-28T18_38_25_rotated.tif,0.9612138673393305,0.8194322032983993,8.950921568257339,-0.4395101624590616,-72.42000438643605,-52.84589954285889,72.42000438643605,19.574104843577175,6.375355012555691,19.574104843577175,20.55975217567626,661.0002628496741,17.50993868622148
92,170.0,780.0,237.0,754.0,pooled,,,folder_dates,1.0,True,False,cmd_cut,-7.213482505185651,auto_from_2026-02-28T18_38_25_rotated.tif,0.9868593405469147,0.9244744920330431,14.431068805438077,0.06377605250074403,-78.42512489069166,-64.56367011025517,78.42512489069166,13.861454780436475,0.6627049494149908,13.861454780436475,14.84710211253556,477.33738787730067,24.24715592789305
93,163.0,780.0,236.0,756.0,pooled,,,folder_dates,1.0,True,False,cmd_cut;sidereal_rate_cut,-7.213482505185651,auto_from_2026-02-28T18_38_25_rotated.tif,0.9943401559220126,0.924807620969069,14.574577293459928,-0.47205330776616883,-81.70689495237194,-64.64964725727526,81.70689495237194,17.05724769509669,3.8584978640752077,17.05724769509669,18.042895027195776,580.0827876541853,19.952452167868714
94,932.0,523.0,1110.0,517.0,pooled,,,folder_dates,1.0,True,True,,-7.213482505185651,auto_from_2026-02-28T18_38_25_rotated.tif,0.5659745228310433,0.5713801787268923,26.890437899286162,0.4550389620409625,-6.56819889458907,6.163000694344605,6.56819889458907,12.731199588933663,-0.46755024208782103,12.731199588933663,13.716846921032747,440.9994509076887,26.245098605569
95,498.0,1001.0,683.0,991.0,pooled,,,folder_dates,1.0,True,True,,-7.213482505185651,auto_from_2026-02-28T18_38_25_rotated.tif,0.5850029017549643,0.38065894783638177,-4.480006517044742,-0.18688511131834318,-35.88508555834087,-22.339824310192707,35.88508555834087,13.545261248148165,0.3465114171266812,13.545261248148165,14.53090858024725,467.17170075383393,24.7747756454383
96,1214.0,818.0,1382.0,809.0,pooled,,,folder_dates,1.0,True,False,delta_lat_cut;sidereal_rate_cut,-7.213482505185651,auto_from_2026-02-28T18_38_25_rotated.tif,0.3113808354593423,0.4639989889303586,6.7054201155707815,1.039223774966148,12.259955274194091,23.638298513333332,23.638298513333332,11.378343239139241,-1.820406591882243,11.378343239139241,12.363990571238325,397.50484089629396,29.116812887050262
97,1348.0,1176.0,1470.0,1243.0,pooled,,,folder_dates,1.0,True,False,delta_lat_cut;sidereal_rate_cut,-7.213482505185651,auto_from_2026-02-28T18_38_25_rotated.tif,0.3976474025944637,0.5520746505257115,-18.33723983106223,-3.8239538726383557,22.04390126494187,31.883944818223505,31.883944818223505,9.840043553281646,-3.358706277739838,9.840043553281646,10.82569088538073,348.04818947340317,33.25422865030744
98,553.0,856.0,748.0,846.0,pooled,,,folder_dates,1.0,True,True,,-7.213482505185651,auto_from_2026-02-28T18_38_25_rotated.tif,0.5556277730839435,0.3649116246807718,4.591259874110129,-0.08533829327514209,-31.67158297851073,-17.916797459814138,31.67158297851073,13.754785518696593,0.5560356876751094,13.754785518696593,14.740432850795678,473.9079491639557,24.42262066819615
99,623.0,1187.0,859.0,1153.0,pooled,,,folder_dates,1.0,True,False,delta_lat_cut;sidereal_rate_cut,-7.213482505185651,auto_from_2026-02-28T18_38_25_rotated.tif,0.48095840532661555,0.2327134623427608,-16.085237330767274,1.517589564567258,-27.744402735146704,-10.958265417275893,27.744402735146704,16.78613731787081,3.5873874868493267,16.78613731787081,17.771784649969895,571.366533242345,20.25682884924052
100,1328.0,1196.0,1515.0,1207.0,pooled,,,folder_dates,1.0,True,True,,-7.213482505185651,auto_from_2026-02-28T18_38_25_rotated.tif,0.3880944265905107,0.582215860864315,-17.732218391879847,0.09078506983107815,20.77603334578996,34.93331418249981,34.93331418249981,14.157280836709845,0.9585310056883607,14.157280836709845,15.142928168808929,486.84825645604843,23.773473398726154
101,924.0,1379.0,1098.0,1383.0,pooled,,,folder_dates,1.0,True,True,,-7.213482505185651,auto_from_2026-02-28T18_38_25_rotated.tif,0.40979519124244507,0.40727489427433755,-30.539937776986093,-0.3027470292453138,-7.400679327257799,5.486720899531238,7.400679327257799,12.887400226789026,-0.3113496042324577,12.887400226789026,13.87304755888811,446.02133355478753,25.949597481871034
102,892.0,622.0,1085.0,625.0,pooled,,,folder_dates,1.0,True,True,,-7.213482505185651,auto_from_2026-02-28T18_38_25_rotated.tif,0.4701300056603729,0.4484844162342079,19.26582355456661,-0.28602327817782935,-8.94601159835458,4.113720062059662,8.94601159835458,13.05973166041423,-0.13901817060725463,13.05973166041423,14.045378992513314,451.56182460498053,25.631205835876184
103,1060.0,616.0,1257.0,626.0,pooled,,,folder_dates,1.0,True,True,,-7.213482505185651,auto_from_2026-02-28T18_38_25_rotated.tif,0.45509461775669363,0.5124294591622187,19.537098281756094,-0.42806494421370545,2.435822733085097,15.922879518831277,15.922879518831277,13.487056785746177,0.2883069547246926,13.487056785746177,14.472704117845261,465.3004153113832,24.87441165580865
104,989.0,1173.0,1209.0,1180.0,pooled,,,folder_dates,1.0,True,False,sidereal_rate_cut,-7.213482505185651,auto_from_2026-02-28T18_38_25_rotated.tif,0.17006171719208585,0.268882001748346,-16.884558553243988,-0.2946588894539559,-2.3273802011876947,12.414609966098453,12.414609966098453,14.741990167286133,1.543240336264649,14.741990167286133,15.727637499385217,505.64678174463796,22.889642517134067
105,1008.0,1257.0,1189.0,1270.0,pooled,,,folder_dates,1.0,True,False,delta_lat_cut,-7.213482505185651,auto_from_2026-02-28T18_38_25_rotated.tif,0.25949856680305483,0.32912341487992347,-22.57736712395127,-0.7220263705584813,-1.1003405630309062,11.482890589391177,11.482890589391177,12.583231152422087,-0.6155186785993969,12.583231152422087,13.568878484521171,436.2422352276612,26.531301051201353
106,1074.0,1481.0,1215.0,1493.0,pooled,,,folder_dates,1.0,True,False,latitude_cut;delta_lat_cut;sidereal_rate_cut,-7.213482505185651,auto_from_2026-02-28T18_38_25_rotated.tif,0.5108078810649114,0.5626678076168878,-38.043488044351,-0.660787453076253,4.02703392177964,15.70590821780975,15.70590821780975,11.678874296030102,-1.5198755349913817,11.678874296030102,12.664521628129187,407.16697621300113,28.425866414125228
107,950.0,672.0,1144.0,672.0,pooled,,,folder_dates,1.0,True,True,,-7.213482505185651,auto_from_2026-02-28T18_38_25_rotated.tif,0.3996603496241883,0.41321384174824743,15.860237769159896,0.04509396245849828,-4.902859583461346,7.968321185059984,7.968321185059984,12.871180768521327,-0.3275690625001566,12.871180768521327,13.856828100620412,445.49987463414396,25.979971562458925
108,786.0,1335.0,964.0,1326.0,pooled,,,folder_dates,1.0,True,True,,-7.213482505185651,auto_from_2026-02-28T18_38_25_rotated.tif,0.43513159638532284,0.3421139799959101,-26.961059932970475,0.32058506405751075,-17.28436002330725,-4.2834031190910435,17.28436002330725,13.000956904216196,-0.19779292680528826,13.000956904216196,13.98660423631528,449.67220409964256,25.738913743286176
109,612.0,1382.0,795.0,1373.0,pooled,,,folder_dates,1.0,True,False,sidereal_rate_cut,-7.213482505185651,auto_from_2026-02-28T18_38_25_rotated.tif,0.6064549895260057,0.4638033853336062,-29.68369847732096,-0.09781464994621203,-31.780652242562372,-17.038893964718305,31.780652242562372,14.74175827784407,1.5430084468225864,14.74175827784407,15.727405609943155,505.63932645136174,22.88998000867997
110,508.0,363.0,582.0,346.0,pooled,,,folder_dates,1.0,True,False,latitude_cut;cmd_cut;delta_lat_cut;sidereal_rate_cut,-7.213482505185651,auto_from_2026-02-28T18_38_25_rotated.tif,0.9317294419982765,0.8992781741863312,43.452710233234185,0.743436196335189,-51.71789722775485,-42.89943473203598,51.71789722775485,8.818462495718876,-4.380287335302608,8.818462495718876,9.80410982781796,315.2041482708964,36.719294900037134
111,1676.0,560.0,1636.0,500.0,pooled,,,folder_dates,1.0,True,False,cmd_cut;delta_lat_cut;sidereal_rate_cut,-7.213482505185651,auto_from_2026-02-28T18_38_25_rotated.tif,0.889166623277447,0.8951998190624162,29.22248754484817,4.441467332965377,54.39753241077497,52.84829029104177,54.39753241077497,-1.5492421197332078,-14.747991950754692,-1.5492421197332078,-0.5635947876341241,-18.11968838844278,-638.7567945956692
112,1639.0,1547.0,1698.0,1606.0,pooled,,,folder_dates,1.0,True,False,latitude_cut;cmd_cut;delta_lat_cut;sidereal_rate_cut,-7.213482505185651,auto_from_2026-02-28T18_38_25_rotated.tif,0.8970142517826762,0.9894505271508083,-40.23937607522397,-2.081251276097319,61.85636580551696,85.22744321738081,85.22744321738081,23.371077411863837,10.172327580842353,23.371077411863837,24.35672474396292,783.073712190166,14.78031236893745
113,1453.0,1199.0,1604.0,1222.0,pooled,,,folder_dates,1.0,True,False,delta_lat_cut,-7.213482505185651,auto_from_2026-02-28T18_38_25_rotated.tif,0.514800692585412,0.6809615568997333,-17.781523570543236,-0.5811637287023572,29.985047537980556,42.67872350276143,42.67872350276143,12.69367596478088,-0.505073866240604,12.69367596478088,13.679323296879964,439.79305867026636,26.317091290773885
114,1044.0,1474.0,1234.0,1458.0,pooled,,,folder_dates,1.0,True,False,latitude_cut;delta_lat_cut;sidereal_rate_cut,-7.213482505185651,auto_from_2026-02-28T18_38_25_rotated.tif,0.500493583535787,0.5357076777958131,-36.4869773217748,1.4478583057288574,1.5989215601660167,16.711592865899576,16.711592865899576,15.112671305733556,1.9139214747120725,15.112671305733556,16.09831863783264,517.5642566175618,22.362583826236637
